<?xml version="1.0" encoding="UTF-8"?>
<project-private xmlns="http://www.netbeans.org/ns/project-private/1">
    <editor-bookmarks xmlns="http://www.netbeans.org/ns/editor-bookmarks/2" lastBookmarkId="0"/>
    <open-files xmlns="http://www.netbeans.org/ns/projectui-open-files/2">
        <group>
            <file>file:/C:/Users/felip/Documents/NetBeansProjects/Att%20final%20TI%20(3)/Att%20final%20TI/src/JF1TelaInicial.java</file>
            <file>file:/C:/Users/felip/Documents/NetBeansProjects/Att%20final%20TI%20(3)/Att%20final%20TI/src/JFrame3.java</file>
            <file>file:/C:/Users/felip/Documents/NetBeansProjects/Att%20final%20TI%20(3)/Att%20final%20TI/src/JFrame2.java</file>
            <file>file:/C:/Users/felip/Documents/NetBeansProjects/Att%20final%20TI%20(3)/Att%20final%20TI/src/JFrame6.java</file>
            <file>file:/C:/Users/felip/Documents/NetBeansProjects/Att%20final%20TI%20(3)/Att%20final%20TI/src/JFrame8.java</file>
            <file>file:/C:/Users/felip/Documents/NetBeansProjects/Att%20final%20TI%20(3)/Att%20final%20TI/src/JFrame7.java</file>
            <file>file:/C:/Users/felip/Documents/NetBeansProjects/Att%20final%20TI%20(3)/Att%20final%20TI/src/JFrame9.java</file>
            <file>file:/C:/Users/felip/Documents/NetBeansProjects/Att%20final%20TI%20(3)/Att%20final%20TI/src/JFrame4.java</file>
            <file>file:/C:/Users/felip/Documents/NetBeansProjects/Att%20final%20TI%20(3)/Att%20final%20TI/src/JFrame5.java</file>
            <file>file:/C:/Users/felip/Documents/NetBeansProjects/Att%20final%20TI%20(3)/Att%20final%20TI/src/JFrame11.java</file>
            <file>file:/C:/Users/felip/Documents/NetBeansProjects/Att%20final%20TI%20(3)/Att%20final%20TI/src/JFrame12.java</file>
            <file>file:/C:/Users/felip/Documents/NetBeansProjects/Att%20final%20TI%20(3)/Att%20final%20TI/src/Main.java</file>
        </group>
    </open-files>
</project-private>
